group,od_source,match_rate_mean,match_rate_min,match_rate_max,match_rate_std,match_rate_cv,Distance_JSD_mean,Distance_JSD_min,Distance_JSD_max,Distance_JSD_std,Distance_JSD_cv,Radius_JSD_mean,Radius_JSD_min,Radius_JSD_max,Radius_JSD_std,Radius_JSD_cv,Duration_JSD_mean,Duration_JSD_min,Duration_JSD_max,Duration_JSD_std,Duration_JSD_cv,Distance_gen_mean_mean,Distance_gen_mean_min,Distance_gen_mean_max,Distance_gen_mean_std,Distance_gen_mean_cv,Hausdorff_km_mean,Hausdorff_km_min,Hausdorff_km_max,Hausdorff_km_std,Hausdorff_km_cv,DTW_km_mean,DTW_km_min,DTW_km_max,DTW_km_std,DTW_km_cv,EDR_mean,EDR_min,EDR_max,EDR_std,EDR_cv
vanilla,test,85.6735276136132,85.6735276136132,85.6735276136132,0.0,0.0,0.019198945514429574,0.019198945514429574,0.019198945514429574,0.0,0.0,0.0038465602050515536,0.0038465602050515536,0.0038465602050515536,0.0,0.0,0.023717596690794665,0.023717596690794665,0.023717596690794665,0.0,0.0,6.478428983774565,6.478428983774565,6.478428983774565,0.0,0.0,0.9660740050706184,0.9660740050706184,0.9660740050706184,0.0,0.0,28.39607912520509,28.39607912520509,28.39607912520509,0.0,0.0,0.48836514104334494,0.48836514104334494,0.48836514104334494,0.0,0.0
distilled,test,50.16545100308812,12.082429501084599,88.24847250509164,38.08302150200352,75.91483927785116,0.0844693391895529,0.01615126697140958,0.15278741140769622,0.06831807221814333,80.87913658805188,0.10452191865618347,0.0033920031060153703,0.20565183420635158,0.1011299155501681,96.75474469888647,0.019174493835346123,0.01750376568149157,0.020845221989200677,0.001670728153854554,8.7132842629449,4.3317705007746845,2.3264241899736477,6.337116811575722,2.005346310801037,46.29391862847778,0.7516182482231113,0.5582722503076899,0.9449642461385326,0.19334599791542134,25.723962712787714,18.12851543973138,8.63581416259785,27.62121671686491,9.49270127713353,52.363368135091974,0.49789724749751224,0.4829287789284231,0.5128657160666014,0.014968468569089122,3.0063368786074505
