group,od_source,match_rate_mean,match_rate_min,match_rate_max,match_rate_std,match_rate_cv,Distance_JSD_mean,Distance_JSD_min,Distance_JSD_max,Distance_JSD_std,Distance_JSD_cv,Radius_JSD_mean,Radius_JSD_min,Radius_JSD_max,Radius_JSD_std,Radius_JSD_cv,Duration_JSD_mean,Duration_JSD_min,Duration_JSD_max,Duration_JSD_std,Duration_JSD_cv,Distance_gen_mean_mean,Distance_gen_mean_min,Distance_gen_mean_max,Distance_gen_mean_std,Distance_gen_mean_cv,Hausdorff_km_mean,Hausdorff_km_min,Hausdorff_km_max,Hausdorff_km_std,Hausdorff_km_cv,DTW_km_mean,DTW_km_min,DTW_km_max,DTW_km_std,DTW_km_cv,EDR_mean,EDR_min,EDR_max,EDR_std,EDR_cv
distilled,test,86.86986780799964,83.59823399558499,88.90833515642092,2.336638358913109,2.6898145673221956,0.005962137849757128,0.0049663863041858654,0.0077864387057337905,0.0012917802590995638,21.666393693869146,0.010494289936829113,0.009223963452843816,0.012124175340701728,0.0012109966174659581,11.53957651976085,0.026781570389163827,0.025625579298776256,0.02739194992634245,0.0008178366885584831,3.0537293992640198,3.5626770246821677,3.4658888930343745,3.6590421698568543,0.07885506229779077,2.213365448270618,0.5534782264607174,0.5231103441102017,0.5720723916932307,0.02165311120003707,3.9121884411787025,15.511545511794061,14.17734778562802,16.790936582511197,1.0676967193947395,6.883238801594117,0.47202247356752053,0.4460307596249565,0.4943004797182648,0.019880227843158647,4.211712144319094
vanilla,test,88.81040475804234,87.91256830601093,89.62491774511955,0.701542229787526,0.7899324766043214,0.00545443651212772,0.004884523938014262,0.006307781797626963,0.0006146361038044951,11.268553634053243,0.01054780107141253,0.00982242830102429,0.011366136908990004,0.0006336353659494201,6.007274517783123,0.025612892489550898,0.022891271463783294,0.027924644621335398,0.002075203719876309,8.102184166520491,3.5058337624464677,3.4392247719785995,3.587277572903417,0.06134580604247923,1.7498207330763578,0.5493753162983314,0.5390943808241457,0.5668804008094999,0.012440712027801597,2.2645196569126207,15.20549266884889,14.957887182533524,15.694016038106009,0.3454489762058112,2.271869670579789,0.4660774921953423,0.45677768536911767,0.4846000813334474,0.013097486132288649,2.810152035146815
