group,od_source,match_rate_mean,match_rate_min,match_rate_max,match_rate_std,match_rate_cv,Distance_JSD_mean,Distance_JSD_min,Distance_JSD_max,Distance_JSD_std,Distance_JSD_cv,Radius_JSD_mean,Radius_JSD_min,Radius_JSD_max,Radius_JSD_std,Radius_JSD_cv,Duration_JSD_mean,Duration_JSD_min,Duration_JSD_max,Duration_JSD_std,Duration_JSD_cv,Distance_gen_mean_mean,Distance_gen_mean_min,Distance_gen_mean_max,Distance_gen_mean_std,Distance_gen_mean_cv,Hausdorff_km_mean,Hausdorff_km_min,Hausdorff_km_max,Hausdorff_km_std,Hausdorff_km_cv,DTW_km_mean,DTW_km_min,DTW_km_max,DTW_km_std,DTW_km_cv,EDR_mean,EDR_min,EDR_max,EDR_std,EDR_cv
distilled,train,89.94720069466769,88.29671524907549,91.44821658788139,1.2909288729283313,1.4352073916235406,0.005969911480264553,0.004760872409108602,0.007829767640510863,0.0013347163613592016,22.357389481762546,0.00884235648590921,0.007735644677654615,0.010660675532173619,0.001295824067498623,14.654736772528807,0.02701126347282741,0.02572546943941486,0.02799129330942108,0.0009499502655454166,3.5168672006070376,3.545653627698362,3.427351273026207,3.6206738483023577,0.0846499138608396,2.3874276155900076,0.5608807544320727,0.5321194739429438,0.5809700328041127,0.02086459506438643,3.7199698687313942,15.659157297216483,14.475856847942719,16.384489214564574,0.8438091252981935,5.388598564293023,0.4737568259558458,0.45382772049979797,0.4891727938542125,0.014778246638627313,3.119373870510659
vanilla,train,91.32634344941384,90.27329459866581,92.04984959174904,0.7617898696986687,0.8341403377445286,0.005906777905890012,0.00480186978530962,0.007370665668241582,0.0010789896074404276,18.266974391647615,0.008902900382336806,0.008273334277537923,0.010002654827642794,0.0007803611120993375,8.76524591522511,0.025367710882796077,0.023077260701525465,0.02726919268556291,0.0017333100779156475,6.832741377114743,3.4900169414584803,3.440138017481584,3.5704348032602353,0.05740954124339079,1.6449645433354059,0.5494786283720642,0.533518897112435,0.5670673458398805,0.013744448577622333,2.5013618124408037,14.856280006184027,14.413778443376739,15.386818164714361,0.4020898792269186,2.706531372992068,0.46668327400056686,0.4575086759038459,0.4840690905358604,0.012299918361262877,2.635602998115578
